<?xml version="1.0" encoding="UTF-8"?>
<project-private xmlns="http://www.netbeans.org/ns/project-private/1">
    <editor-bookmarks xmlns="http://www.netbeans.org/ns/editor-bookmarks/2" lastBookmarkId="0"/>
    <open-files xmlns="http://www.netbeans.org/ns/projectui-open-files/2">
        <group>
            <file>file:/C:/Users/Nour/Documents/NetBeansProjects/DeliveryApp/src/LoginForm/LoginJFrame.java</file>
            <file>file:/C:/Users/Nour/Documents/NetBeansProjects/DeliveryApp/src/LoginForm/RegisterJFrame.java</file>
            <file>file:/C:/Users/Nour/Documents/NetBeansProjects/DeliveryApp/src/CRUDpackage/CRUDJFrame.java</file>
            <file>file:/C:/Users/Nour/Documents/NetBeansProjects/DeliveryApp/src/CRUDpackage/users.java</file>
            <file>file:/C:/Users/Nour/Documents/NetBeansProjects/DeliveryApp/src/CRUDpackage/restaurants.java</file>
            <file>file:/C:/Users/Nour/Documents/NetBeansProjects/DeliveryApp/src/CRUDpackage/carts.java</file>
            <file>file:/C:/Users/Nour/Documents/NetBeansProjects/DeliveryApp/src/userpackage/homepageUserJFrame.java</file>
            <file>file:/C:/Users/Nour/Documents/NetBeansProjects/DeliveryApp/src/userpackage/MenuCartJFrame.java</file>
        </group>
    </open-files>
</project-private>
